<?xml version="1.0" encoding="UTF-8"?>
<preferences>
 <systemtable filter="Default">
  <columns>
   <connections preferredWidth="47" />
   <irq preferredWidth="34" /></columns></systemtable>
 <clocktable>
  <columns>
   <clockname preferredWidth="137" />
   <clocksource preferredWidth="137" />
   <frequency preferredWidth="117" /></columns></clocktable>
 <window width="898" height="682" x="263" y="165" />
 <library
   expandedCategories="Peripherals/Microcontroller Peripherals,Peripherals" /></preferences>
