<?xml version="1.0" encoding="UTF-8"?>
<preferences>
 <systemtable filter="Default">
  <columns>
   <connections preferredWidth="47" />
   <irq preferredWidth="34" /></columns></systemtable>
 <clocktable>
  <columns>
   <clockname preferredWidth="133" />
   <clocksource preferredWidth="132" />
   <frequency preferredWidth="113" /></columns></clocktable>
 <window width="961" height="600" x="348" y="209" />
 <library expandedCategories="Interface Protocols,Interface Protocols/Serial" /></preferences>
